{"cameraMode":{"drawMode":0,"name":"Shaded","section":"Shading Mode"},"sceneLighting":true,"audioPlay":false,"sceneViewState":{"m_AlwaysRefresh":false,"showFog":true,"showSkybox":true,"showFlares":true,"showImageEffects":true,"showParticleSystems":true,"showVisualEffectGraphs":true,"m_FxEnabled":true},"in2DMode":false,"pivot":{"x":0.1495075225830078,"y":-1.1443146467208863,"z":7.768579006195068},"rotation":{"x":0.022608792409300805,"y":0.4185592234134674,"z":-0.010423258878290654,"w":0.9078505635261536},"size":6.881196022033691,"orthographic":false}